,Year,Month,Decimal Date,Carbon Dioxide (ppm),Seasonally Adjusted CO2 (ppm),Carbon Dioxide Fit (ppm),Seasonally Adjusted CO2 Fit (ppm)
0,1958,1,1958.0411,,,,
1,1958,2,1958.126,,,,
2,1958,3,1958.2027,315.69,314.42,316.18,314.89
3,1958,4,1958.2877,317.45,315.15,317.3,314.98
4,1958,5,1958.3699,317.5,314.73,317.83,315.06
5,1958,6,1958.4548,,,317.22,315.14
6,1958,7,1958.537,315.86,315.17,315.87,315.21
7,1958,8,1958.6219,314.93,316.17,314.01,315.29
8,1958,9,1958.7068,313.21,316.06,312.48,315.35
9,1958,10,1958.789,,,312.45,315.4
10,1958,11,1958.874,313.33,315.2,313.61,315.46
11,1958,12,1958.9562,314.67,315.44,314.75,315.51
12,1959,1,1959.0411,315.58,315.56,315.6,315.57
13,1959,2,1959.126,316.48,315.88,316.24,315.63
14,1959,3,1959.2027,316.65,315.37,316.98,315.69
15,1959,4,1959.2877,317.72,315.41,318.09,315.76
16,1959,5,1959.3699,318.29,315.51,318.62,315.84
17,1959,6,1959.4548,318.15,316.04,318.02,315.93
18,1959,7,1959.537,316.54,315.85,316.68,316.02
19,1959,8,1959.6219,314.8,316.04,314.84,316.12
20,1959,9,1959.7068,313.84,316.7,313.33,316.21
21,1959,10,1959.789,313.34,316.31,313.34,316.3
22,1959,11,1959.874,314.81,316.69,314.53,316.39
23,1959,12,1959.9562,315.58,316.36,315.71,316.47
24,1960,1,1960.041,316.43,316.41,316.58,316.56
25,1960,2,1960.1257,316.97,316.37,317.25,316.64
26,1960,3,1960.2049,317.58,316.27,318.04,316.72
27,1960,4,1960.2896,319.03,316.69,319.15,316.8
28,1960,5,1960.3716,320.03,317.24,319.65,316.87
29,1960,6,1960.4563,319.59,317.49,319.01,316.93
30,1960,7,1960.5383,318.18,317.51,317.62,316.98
31,1960,8,1960.623,315.9,317.18,315.71,317.01
32,1960,9,1960.7077,314.17,317.05,314.14,317.04
33,1960,10,1960.7896,313.83,316.82,314.1,317.07
34,1960,11,1960.8743,315.0,316.88,315.24,317.1
35,1960,12,1960.9563,316.19,316.97,316.38,317.14
36,1961,1,1961.0411,316.9,316.88,317.22,317.19
37,1961,2,1961.126,317.7,317.09,317.87,317.26
38,1961,3,1961.2027,318.54,317.25,318.63,317.32
39,1961,4,1961.2877,319.48,317.15,319.75,317.41
40,1961,5,1961.3699,320.58,317.78,320.3,317.49
41,1961,6,1961.4548,319.77,317.65,319.69,317.59
42,1961,7,1961.537,318.57,317.87,318.34,317.67
43,1961,8,1961.6219,316.79,318.05,316.47,317.76
44,1961,9,1961.7068,314.99,317.87,314.94,317.84
45,1961,10,1961.789,315.31,318.31,314.93,317.92
46,1961,11,1961.874,316.1,317.99,316.12,317.99
47,1961,12,1961.9562,317.01,317.79,317.29,318.06
48,1962,1,1962.0411,317.94,317.92,318.15,318.12
49,1962,2,1962.126,318.55,317.94,318.81,318.19
50,1962,3,1962.2027,319.68,318.39,319.57,318.25
51,1962,4,1962.2877,320.57,318.24,320.68,318.32
52,1962,5,1962.3699,321.01,318.2,321.2,318.39
53,1962,6,1962.4548,320.62,318.48,320.56,318.45
54,1962,7,1962.537,319.61,318.91,319.17,318.5
55,1962,8,1962.6219,317.4,318.66,317.26,318.55
56,1962,9,1962.7068,316.25,319.14,315.68,318.6
57,1962,10,1962.789,315.42,318.43,315.64,318.64
58,1962,11,1962.874,316.69,318.59,316.8,318.68
59,1962,12,1962.9562,317.7,318.48,317.94,318.71
60,1963,1,1963.0411,318.74,318.72,318.79,318.76
61,1963,2,1963.126,319.07,318.46,319.43,318.8
62,1963,3,1963.2027,319.86,318.56,320.17,318.85
63,1963,4,1963.2877,321.39,319.04,321.27,318.9
64,1963,5,1963.3699,322.25,319.42,321.78,318.96
65,1963,6,1963.4548,321.48,319.33,321.13,319.01
66,1963,7,1963.537,319.74,319.04,319.72,319.05
67,1963,8,1963.6219,317.77,319.03,317.8,319.09
68,1963,9,1963.7068,316.21,319.12,316.21,319.13
69,1963,10,1963.789,315.99,319.01,316.17,319.18
70,1963,11,1963.874,317.06,318.97,317.34,319.22
71,1963,12,1963.9562,318.35,319.14,318.49,319.27
72,1964,1,1964.041,319.57,319.55,319.34,319.31
73,1964,2,1964.1257,,,319.98,319.36
74,1964,3,1964.2049,,,320.75,319.4
75,1964,4,1964.2896,,,321.84,319.45
76,1964,5,1964.3716,322.26,319.42,322.32,319.49
77,1964,6,1964.4563,321.89,319.76,321.63,319.52
78,1964,7,1964.5383,320.44,319.76,320.2,319.55
79,1964,8,1964.623,318.69,319.99,318.25,319.58
80,1964,9,1964.7077,316.71,319.63,316.65,319.6
81,1964,10,1964.7896,316.87,319.9,316.6,319.62
82,1964,11,1964.8743,317.68,319.59,317.75,319.63
83,1964,12,1964.9563,318.71,319.5,318.88,319.65
84,1965,1,1965.0411,319.44,319.42,319.71,319.68
85,1965,2,1965.126,320.44,319.82,320.34,319.71
86,1965,3,1965.2027,320.89,319.58,321.08,319.76
87,1965,4,1965.2877,322.14,319.77,322.2,319.82
88,1965,5,1965.3699,322.16,319.32,322.74,319.9
89,1965,6,1965.4548,321.87,319.71,322.13,319.99
90,1965,7,1965.537,321.21,320.5,320.77,320.09
91,1965,8,1965.6219,318.87,320.14,318.9,320.2
92,1965,9,1965.7068,317.82,320.75,317.37,320.32
93,1965,10,1965.789,317.3,320.35,317.4,320.43
94,1965,11,1965.874,318.87,320.79,318.65,320.55
95,1965,12,1965.9562,319.42,320.21,319.88,320.66
96,1966,1,1966.0411,320.62,320.61,320.81,320.78
97,1966,2,1966.126,321.59,320.97,321.54,320.91
98,1966,3,1966.2027,322.39,321.07,322.34,321.01
99,1966,4,1966.2877,323.7,321.33,323.51,321.12
100,1966,5,1966.3699,324.08,321.22,324.08,321.23
101,1966,6,1966.4548,323.75,321.59,323.47,321.32
102,1966,7,1966.537,322.39,321.68,322.09,321.41
103,1966,8,1966.6219,320.36,321.64,320.17,321.48
104,1966,9,1966.7068,318.64,321.58,318.59,321.55
105,1966,10,1966.789,318.1,321.16,318.57,321.62
106,1966,11,1966.874,319.79,321.71,319.77,321.68
107,1966,12,1966.9562,321.03,321.82,320.96,321.74
108,1967,1,1967.0411,322.32,322.31,321.83,321.8
109,1967,2,1967.126,322.5,321.87,322.49,321.85
110,1967,3,1967.2027,323.04,321.72,323.24,321.9
111,1967,4,1967.2877,324.42,322.04,324.35,321.95
112,1967,5,1967.3699,325.0,322.13,324.87,322.01
113,1967,6,1967.4548,324.09,321.92,324.22,322.07
114,1967,7,1967.537,322.55,321.83,322.81,322.13
115,1967,8,1967.6219,320.92,322.2,320.88,322.2
116,1967,9,1967.7068,319.25,322.21,319.3,322.27
117,1967,10,1967.789,319.39,322.46,319.29,322.34
118,1967,11,1967.874,320.72,322.66,320.5,322.42
119,1967,12,1967.9562,321.96,322.76,321.71,322.49
120,1968,1,1968.041,322.57,322.55,322.6,322.57
121,1968,2,1968.1257,323.14,322.52,323.28,322.65
122,1968,3,1968.2049,323.89,322.54,324.09,322.73
123,1968,4,1968.2896,325.02,322.61,325.25,322.82
124,1968,5,1968.3716,325.57,322.69,325.79,322.92
125,1968,6,1968.4563,325.36,323.2,325.17,323.02
126,1968,7,1968.5383,324.14,323.45,323.79,323.13
127,1968,8,1968.623,322.11,323.42,321.9,323.25
128,1968,9,1968.7077,320.33,323.3,320.37,323.36
129,1968,10,1968.7896,320.25,323.32,320.42,323.48
130,1968,11,1968.8743,321.32,323.26,321.69,323.61
131,1968,12,1968.9563,322.89,323.7,322.95,323.74
132,1969,1,1969.0411,324.0,323.98,323.91,323.88
133,1969,2,1969.126,324.42,323.79,324.66,324.03
134,1969,3,1969.2027,325.63,324.31,325.5,324.16
135,1969,4,1969.2877,326.66,324.26,326.72,324.3
136,1969,5,1969.3699,327.38,324.49,327.33,324.44
137,1969,6,1969.4548,326.7,324.51,326.74,324.57
138,1969,7,1969.537,325.88,325.16,325.38,324.69
139,1969,8,1969.6219,323.66,324.95,323.48,324.8
140,1969,9,1969.7068,322.38,325.35,321.91,324.9
141,1969,10,1969.789,321.78,324.87,321.91,324.99
142,1969,11,1969.874,322.85,324.8,323.15,325.07
143,1969,12,1969.9562,324.12,324.92,324.36,325.15
144,1970,1,1970.0411,325.06,325.04,325.27,325.24
145,1970,2,1970.126,325.98,325.35,325.96,325.32
146,1970,3,1970.2027,326.93,325.59,326.74,325.39
147,1970,4,1970.2877,328.14,325.73,327.9,325.47
148,1970,5,1970.3699,328.08,325.18,328.45,325.55
149,1970,6,1970.4548,327.67,325.47,327.8,325.63
150,1970,7,1970.537,326.34,325.62,326.39,325.7
151,1970,8,1970.6219,324.69,325.98,324.44,325.77
152,1970,9,1970.7068,323.1,326.08,322.83,325.83
153,1970,10,1970.789,323.07,326.17,322.79,325.88
154,1970,11,1970.874,324.01,325.96,323.99,325.93
155,1970,12,1970.9562,325.13,325.94,325.17,325.97
156,1971,1,1971.0411,326.17,326.15,326.04,326.01
157,1971,2,1971.126,326.68,326.05,326.69,326.04
158,1971,3,1971.2027,327.17,325.83,327.44,326.08
159,1971,4,1971.2877,327.79,325.37,328.57,326.13
160,1971,5,1971.3699,328.92,326.01,329.1,326.19
161,1971,6,1971.4548,328.57,326.36,328.44,326.26
162,1971,7,1971.537,327.36,326.64,327.02,326.33
163,1971,8,1971.6219,325.43,326.73,325.06,326.4
164,1971,9,1971.7068,323.36,326.36,323.46,326.47
165,1971,10,1971.789,323.57,326.68,323.44,326.54
166,1971,11,1971.874,324.8,326.76,324.68,326.62
167,1971,12,1971.9562,326.01,326.83,325.9,326.69
168,1972,1,1972.041,326.77,326.75,326.81,326.78
169,1972,2,1972.1257,327.63,327.0,327.51,326.87
170,1972,3,1972.2049,327.75,326.38,328.35,326.97
171,1972,4,1972.2896,329.73,327.27,329.55,327.09
172,1972,5,1972.3716,330.07,327.15,330.13,327.22
173,1972,6,1972.4563,329.09,326.89,329.54,327.37
174,1972,7,1972.5383,328.04,327.35,328.19,327.53
175,1972,8,1972.623,326.32,327.65,326.34,327.71
176,1972,9,1972.7077,324.84,327.86,324.87,327.9
177,1972,10,1972.7896,325.2,328.32,324.99,328.09
178,1972,11,1972.8743,326.5,328.46,326.36,328.3
179,1972,12,1972.9563,327.55,328.37,327.71,328.5
180,1973,1,1973.0411,328.55,328.53,328.75,328.71
181,1973,2,1973.126,329.56,328.92,329.57,328.92
182,1973,3,1973.2027,330.3,328.95,330.47,329.11
183,1973,4,1973.2877,331.5,329.07,331.76,329.31
184,1973,5,1973.3699,332.48,329.55,332.41,329.48
185,1973,6,1973.4548,332.07,329.85,331.85,329.64
186,1973,7,1973.537,330.87,330.14,330.48,329.78
187,1973,8,1973.6219,329.31,330.62,328.54,329.89
188,1973,9,1973.7068,327.51,330.53,326.93,329.96
189,1973,10,1973.789,327.18,330.32,326.89,330.01
190,1973,11,1973.874,328.16,330.14,328.09,330.05
191,1973,12,1973.9562,328.64,329.46,329.26,330.07
192,1974,1,1974.0411,329.35,329.33,330.12,330.09
193,1974,2,1974.126,330.71,330.07,330.76,330.11
194,1974,3,1974.2027,331.48,330.13,331.51,330.14
195,1974,4,1974.2877,332.65,330.2,332.63,330.17
196,1974,5,1974.3699,333.09,330.14,333.15,330.21
197,1974,6,1974.4548,332.25,330.02,332.47,330.25
198,1974,7,1974.537,331.18,330.45,331.0,330.3
199,1974,8,1974.6219,329.39,330.71,329.0,330.35
200,1974,9,1974.7068,327.43,330.46,327.36,330.4
201,1974,10,1974.789,327.37,330.52,327.32,330.46
202,1974,11,1974.874,328.46,330.44,328.55,330.51
203,1974,12,1974.9562,329.57,330.39,329.77,330.58
204,1975,1,1975.0411,330.4,330.38,330.68,330.65
205,1975,2,1975.126,331.4,330.76,331.38,330.73
206,1975,3,1975.2027,332.04,330.68,332.19,330.81
207,1975,4,1975.2877,333.31,330.86,333.38,330.91
208,1975,5,1975.3699,333.97,331.02,333.95,331.0
209,1975,6,1975.4548,333.6,331.36,333.32,331.1
210,1975,7,1975.537,331.9,331.17,331.9,331.2
211,1975,8,1975.6219,330.06,331.38,329.94,331.29
212,1975,9,1975.7068,328.56,331.6,328.33,331.39
213,1975,10,1975.789,328.34,331.5,328.33,331.47
214,1975,11,1975.874,329.49,331.48,329.59,331.56
215,1975,12,1975.9562,330.76,331.59,330.83,331.64
216,1976,1,1976.041,331.75,331.73,331.75,331.72
217,1976,2,1976.1257,332.56,331.92,332.45,331.8
218,1976,3,1976.2049,333.5,332.11,333.28,331.87
219,1976,4,1976.2896,334.58,332.1,334.45,331.95
220,1976,5,1976.3716,334.88,331.92,334.98,332.02
221,1976,6,1976.4563,334.34,332.11,334.31,332.1
222,1976,7,1976.5383,333.05,332.34,332.87,332.19
223,1976,8,1976.623,330.94,332.29,330.89,332.28
224,1976,9,1976.7077,329.3,332.37,329.3,332.38
225,1976,10,1976.7896,328.94,332.1,329.34,332.49
226,1976,11,1976.8743,330.31,332.3,330.65,332.62
227,1976,12,1976.9563,331.68,332.51,331.95,332.76
228,1977,1,1977.0411,332.93,332.91,332.96,332.92
229,1977,2,1977.126,333.42,332.77,333.76,333.1
230,1977,3,1977.2027,334.7,333.33,334.65,333.26
231,1977,4,1977.2877,336.07,333.6,335.94,333.45
232,1977,5,1977.3699,336.75,333.77,336.61,333.63
233,1977,6,1977.4548,336.27,334.01,336.05,333.82
234,1977,7,1977.537,334.92,334.18,334.69,333.99
235,1977,8,1977.6219,332.75,334.08,332.79,334.15
236,1977,9,1977.7068,331.59,334.65,331.23,334.31
237,1977,10,1977.789,331.16,334.34,331.29,334.46
238,1977,11,1977.874,332.4,334.41,332.62,334.6
239,1977,12,1977.9562,333.85,334.68,333.92,334.74
240,1978,1,1978.0411,334.97,334.95,334.91,334.87
241,1978,2,1978.126,335.38,334.74,335.67,335.01
242,1978,3,1978.2027,336.64,335.27,336.52,335.13
243,1978,4,1978.2877,337.76,335.28,337.75,335.25
244,1978,5,1978.3699,338.01,335.03,338.35,335.37
245,1978,6,1978.4548,337.89,335.63,337.73,335.49
246,1978,7,1978.537,336.54,335.8,336.31,335.59
247,1978,8,1978.6219,334.68,336.02,334.33,335.7
248,1978,9,1978.7068,332.76,335.83,332.7,335.79
249,1978,10,1978.789,332.55,335.74,332.71,335.89
250,1978,11,1978.874,333.92,335.93,333.99,335.98
251,1978,12,1978.9562,334.95,335.78,335.26,336.08
252,1979,1,1979.0411,336.23,336.21,336.22,336.19
253,1979,2,1979.126,336.76,336.11,336.96,336.3
254,1979,3,1979.2027,337.96,336.58,337.8,336.41
255,1979,4,1979.2877,338.89,336.4,339.04,336.53
256,1979,5,1979.3699,339.47,336.48,339.65,336.66
257,1979,6,1979.4548,339.29,337.02,339.05,336.8
258,1979,7,1979.537,337.73,336.99,337.64,336.93
259,1979,8,1979.6219,336.08,337.43,335.69,337.07
260,1979,9,1979.7068,333.92,337.0,334.11,337.21
261,1979,10,1979.789,333.86,337.07,334.17,337.36
262,1979,11,1979.874,335.29,337.31,335.52,337.52
263,1979,12,1979.9562,336.73,337.57,336.86,337.68
264,1980,1,1980.041,338.01,338.0,337.88,337.85
265,1980,2,1980.1257,338.36,337.71,338.68,338.01
266,1980,3,1980.2049,340.07,338.67,339.6,338.17
267,1980,4,1980.2896,340.77,338.25,340.87,338.33
268,1980,5,1980.3716,341.47,338.46,341.48,338.48
269,1980,6,1980.4563,341.17,338.91,340.87,338.63
270,1980,7,1980.5383,339.56,338.84,339.45,338.76
271,1980,8,1980.623,337.6,338.97,337.49,338.9
272,1980,9,1980.7077,335.88,338.99,335.9,339.02
273,1980,10,1980.7896,336.02,339.23,335.93,339.13
274,1980,11,1980.8743,337.1,339.12,337.24,339.24
275,1980,12,1980.9563,338.21,339.05,338.52,339.34
276,1981,1,1981.0411,339.24,339.22,339.47,339.44
277,1981,2,1981.126,340.48,339.82,340.21,339.54
278,1981,3,1981.2027,341.38,339.99,341.04,339.63
279,1981,4,1981.2877,342.51,340.0,342.24,339.72
280,1981,5,1981.3699,342.91,339.89,342.82,339.8
281,1981,6,1981.4548,342.25,339.96,342.15,339.89
282,1981,7,1981.537,340.49,339.74,340.69,339.97
283,1981,8,1981.6219,338.43,339.78,338.67,340.06
284,1981,9,1981.7068,336.69,339.8,337.03,340.16
285,1981,10,1981.789,336.86,340.08,337.04,340.26
286,1981,11,1981.874,338.36,340.4,338.36,340.37
287,1981,12,1981.9562,339.61,340.45,339.66,340.48
288,1982,1,1982.0411,340.75,340.73,340.63,340.59
289,1982,2,1982.126,341.61,340.95,341.37,340.7
290,1982,3,1982.2027,342.7,341.31,342.2,340.79
291,1982,4,1982.2877,343.57,341.05,343.41,340.88
292,1982,5,1982.3699,344.14,341.11,343.99,340.96
293,1982,6,1982.4548,343.35,341.05,343.31,341.04
294,1982,7,1982.537,342.06,341.31,341.83,341.11
295,1982,8,1982.6219,339.81,341.17,339.8,341.19
296,1982,9,1982.7068,337.98,341.1,338.14,341.27
297,1982,10,1982.789,337.86,341.1,338.14,341.37
298,1982,11,1982.874,339.26,341.31,339.46,341.48
299,1982,12,1982.9562,340.49,341.33,340.78,341.61
300,1983,1,1983.0411,341.38,341.36,341.8,341.77
301,1983,2,1983.126,342.52,341.86,342.61,341.94
302,1983,3,1983.2027,343.1,341.7,343.52,342.11
303,1983,4,1983.2877,344.94,342.42,344.84,342.3
304,1983,5,1983.3699,345.76,342.72,345.53,342.49
305,1983,6,1983.4548,345.32,343.01,344.97,342.69
306,1983,7,1983.537,343.98,343.23,343.59,342.86
307,1983,8,1983.6219,342.38,343.74,341.64,343.03
308,1983,9,1983.7068,339.87,342.99,340.05,343.19
309,1983,10,1983.789,339.99,343.24,340.1,343.34
310,1983,11,1983.874,341.15,343.2,341.46,343.49
311,1983,12,1983.9562,342.99,343.84,342.79,343.62
312,1984,1,1984.041,343.7,343.68,343.79,343.76
313,1984,2,1984.1257,344.5,343.84,344.56,343.89
314,1984,3,1984.2049,345.28,343.85,345.46,344.01
315,1984,4,1984.2896,347.07,344.51,346.72,344.14
316,1984,5,1984.3716,347.43,344.38,347.31,344.26
317,1984,6,1984.4563,346.8,344.5,346.65,344.38
318,1984,7,1984.5383,345.39,344.67,345.2,344.5
319,1984,8,1984.623,343.28,344.67,343.19,344.62
320,1984,9,1984.7077,341.07,344.22,341.57,344.74
321,1984,10,1984.7896,341.35,344.6,341.61,344.86
322,1984,11,1984.8743,342.98,345.03,342.96,344.99
323,1984,12,1984.9563,344.22,345.07,344.28,345.12
324,1985,1,1985.0411,344.97,344.95,345.28,345.25
325,1985,2,1985.126,345.99,345.33,346.06,345.39
326,1985,3,1985.2027,347.43,346.02,346.93,345.5
327,1985,4,1985.2877,348.35,345.8,348.18,345.62
328,1985,5,1985.3699,348.93,345.87,348.79,345.73
329,1985,6,1985.4548,348.25,345.93,348.13,345.83
330,1985,7,1985.537,346.56,345.8,346.65,345.92
331,1985,8,1985.6219,344.68,346.04,344.61,346.01
332,1985,9,1985.7068,343.09,346.24,342.93,346.1
333,1985,10,1985.789,342.8,346.07,342.93,346.19
334,1985,11,1985.874,344.24,346.3,344.24,346.28
335,1985,12,1985.9562,345.56,346.41,345.53,346.37
336,1986,1,1986.0411,346.3,346.27,346.5,346.47
337,1986,2,1986.126,346.95,346.29,347.25,346.58
338,1986,3,1986.2027,347.85,346.44,348.11,346.68
339,1986,4,1986.2877,349.55,347.0,349.37,346.81
340,1986,5,1986.3699,350.21,347.14,350.0,346.93
341,1986,6,1986.4548,349.55,347.22,349.37,347.06
342,1986,7,1986.537,347.94,347.18,347.91,347.18
343,1986,8,1986.6219,345.9,347.27,345.9,347.31
344,1986,9,1986.7068,344.85,348.01,344.26,347.44
345,1986,10,1986.789,344.17,347.45,344.29,347.56
346,1986,11,1986.874,345.66,347.73,345.64,347.69
347,1986,12,1986.9562,346.9,347.76,346.98,347.82
348,1987,1,1987.0411,348.02,348.0,348.0,347.97
349,1987,2,1987.126,348.47,347.8,348.81,348.13
350,1987,3,1987.2027,349.41,348.0,349.71,348.28
351,1987,4,1987.2877,350.99,348.43,351.04,348.46
352,1987,5,1987.3699,351.85,348.76,351.73,348.65
353,1987,6,1987.4548,351.26,348.92,351.17,348.85
354,1987,7,1987.537,349.51,348.75,349.79,349.05
355,1987,8,1987.6219,348.1,349.48,347.86,349.27
356,1987,9,1987.7068,346.45,349.62,346.31,349.49
357,1987,10,1987.789,346.36,349.66,346.43,349.71
358,1987,11,1987.874,347.81,349.89,347.88,349.94
359,1987,12,1987.9562,348.96,349.82,349.32,350.16
360,1988,1,1988.041,350.43,350.41,350.42,350.39
361,1988,2,1988.1257,351.73,351.06,351.29,350.61
362,1988,3,1988.2049,352.22,350.77,352.28,350.81
363,1988,4,1988.2896,353.59,351.0,353.63,351.02
364,1988,5,1988.3716,354.22,351.13,354.3,351.21
365,1988,6,1988.4563,353.79,351.47,353.7,351.4
366,1988,7,1988.5383,352.38,351.64,352.28,351.57
367,1988,8,1988.623,350.43,351.84,350.29,351.74
368,1988,9,1988.7077,348.73,351.92,348.68,351.89
369,1988,10,1988.7896,348.88,352.19,348.74,352.03
370,1988,11,1988.8743,350.07,352.15,350.1,352.16
371,1988,12,1988.9563,351.34,352.2,351.43,352.28
372,1989,1,1989.0411,352.76,352.74,352.42,352.39
373,1989,2,1989.126,353.07,352.39,353.18,352.5
374,1989,3,1989.2027,353.68,352.25,354.03,352.59
375,1989,4,1989.2877,355.42,352.84,355.28,352.69
376,1989,5,1989.3699,355.67,352.57,355.89,352.78
377,1989,6,1989.4548,355.12,352.77,355.22,352.88
378,1989,7,1989.537,353.9,353.13,353.72,352.98
379,1989,8,1989.6219,351.67,353.06,351.65,353.08
380,1989,9,1989.7068,349.8,353.0,349.96,353.18
381,1989,10,1989.789,349.99,353.31,349.97,353.27
382,1989,11,1989.874,351.29,353.39,351.3,353.37
383,1989,12,1989.9562,352.52,353.39,352.62,353.47
384,1990,1,1990.0411,353.66,353.64,353.61,353.57
385,1990,2,1990.126,354.7,354.02,354.36,353.68
386,1990,3,1990.2027,355.38,353.95,355.22,353.77
387,1990,4,1990.2877,356.2,353.62,356.47,353.87
388,1990,5,1990.3699,357.16,354.05,357.08,353.97
389,1990,6,1990.4548,356.23,353.87,356.42,354.08
390,1990,7,1990.537,354.81,354.04,354.95,354.2
391,1990,8,1990.6219,352.91,354.3,352.91,354.34
392,1990,9,1990.7068,350.96,354.17,351.26,354.48
393,1990,10,1990.789,351.18,354.51,351.31,354.62
394,1990,11,1990.874,352.83,354.93,352.7,354.78
395,1990,12,1990.9562,354.21,355.08,354.07,354.92
396,1991,1,1991.0411,354.72,354.7,355.11,355.07
397,1991,2,1991.126,355.75,355.07,355.91,355.22
398,1991,3,1991.2027,357.16,355.72,356.79,355.34
399,1991,4,1991.2877,358.6,356.0,358.06,355.45
400,1991,5,1991.3699,359.34,356.21,358.66,355.54
401,1991,6,1991.4548,358.24,355.87,357.97,355.62
402,1991,7,1991.537,356.17,355.4,356.43,355.68
403,1991,8,1991.6219,354.02,355.41,354.3,355.74
404,1991,9,1991.7068,352.15,355.37,352.56,355.79
405,1991,10,1991.789,352.21,355.55,352.53,355.85
406,1991,11,1991.874,353.75,355.85,353.84,355.92
407,1991,12,1991.9562,354.99,355.86,355.13,355.99
408,1992,1,1992.041,355.99,355.96,356.09,356.06
409,1992,2,1992.1257,356.72,356.04,356.82,356.13
410,1992,3,1992.2049,357.81,356.34,357.68,356.2
411,1992,4,1992.2896,359.15,356.52,358.91,356.26
412,1992,5,1992.3716,359.66,356.53,359.44,356.31
413,1992,6,1992.4563,359.25,356.9,358.69,356.36
414,1992,7,1992.5383,357.02,356.27,357.11,356.39
415,1992,8,1992.623,355.0,356.43,354.96,356.43
416,1992,9,1992.7077,353.01,356.25,353.2,356.46
417,1992,10,1992.7896,353.31,356.65,353.15,356.49
418,1992,11,1992.8743,354.16,356.27,354.44,356.52
419,1992,12,1992.9563,355.4,356.27,355.71,356.57
420,1993,1,1993.0411,356.7,356.68,356.65,356.62
421,1993,2,1993.126,357.16,356.48,357.37,356.68
422,1993,3,1993.2027,358.38,356.93,358.2,356.74
423,1993,4,1993.2877,359.46,356.85,359.44,356.81
424,1993,5,1993.3699,360.28,357.13,360.04,356.89
425,1993,6,1993.4548,359.6,357.21,359.35,356.98
426,1993,7,1993.537,357.57,356.79,357.83,357.08
427,1993,8,1993.6219,355.52,356.93,355.75,357.19
428,1993,9,1993.7068,353.69,356.93,354.06,357.32
429,1993,10,1993.789,353.99,357.35,354.11,357.46
430,1993,11,1993.874,355.33,357.46,355.51,357.61
431,1993,12,1993.9562,356.8,357.68,356.91,357.77
432,1994,1,1994.0411,358.37,358.35,357.97,357.94
433,1994,2,1994.126,358.91,358.22,358.8,358.11
434,1994,3,1994.2027,359.97,358.52,359.73,358.26
435,1994,4,1994.2877,361.27,358.64,361.07,358.43
436,1994,5,1994.3699,361.69,358.53,361.74,358.59
437,1994,6,1994.4548,360.94,358.55,361.12,358.75
438,1994,7,1994.537,359.55,358.76,359.67,358.91
439,1994,8,1994.6219,357.48,358.89,357.64,359.09
440,1994,9,1994.7068,355.84,359.09,356.0,359.27
441,1994,10,1994.789,356.0,359.37,356.08,359.44
442,1994,11,1994.874,357.58,359.71,357.52,359.63
443,1994,12,1994.9562,359.04,359.92,358.94,359.81
444,1995,1,1995.0411,359.97,359.95,360.02,359.99
445,1995,2,1995.126,361.0,360.31,360.87,360.17
446,1995,3,1995.2027,361.64,360.18,361.8,360.33
447,1995,4,1995.2877,363.45,360.82,363.15,360.5
448,1995,5,1995.3699,363.8,360.63,363.83,360.66
449,1995,6,1995.4548,363.26,360.86,363.21,360.83
450,1995,7,1995.537,361.9,361.11,361.74,360.98
451,1995,8,1995.6219,359.45,360.87,359.69,361.14
452,1995,9,1995.7068,358.05,361.31,358.03,361.31
453,1995,10,1995.789,357.76,361.14,358.09,361.46
454,1995,11,1995.874,359.56,361.7,359.51,361.63
455,1995,12,1995.9562,360.7,361.58,360.91,361.78
456,1996,1,1996.041,362.05,362.03,361.97,361.94
457,1996,2,1996.1257,363.24,362.56,362.78,362.08
458,1996,3,1996.2049,364.02,362.53,363.72,362.21
459,1996,4,1996.2896,364.72,362.05,365.02,362.33
460,1996,5,1996.3716,365.41,362.24,365.62,362.45
461,1996,6,1996.4563,364.97,362.58,364.92,362.56
462,1996,7,1996.5383,363.65,362.89,363.38,362.66
463,1996,8,1996.623,361.48,362.93,361.26,362.75
464,1996,9,1996.7077,359.45,362.73,359.53,362.83
465,1996,10,1996.7896,359.61,363.0,359.53,362.91
466,1996,11,1996.8743,360.76,362.89,360.88,362.99
467,1996,12,1996.9563,362.33,363.21,362.2,363.06
468,1997,1,1997.0411,363.18,363.16,363.18,363.14
469,1997,2,1997.126,363.99,363.3,363.93,363.23
470,1997,3,1997.2027,364.56,363.1,364.8,363.31
471,1997,4,1997.2877,366.36,363.71,366.08,363.41
472,1997,5,1997.3699,366.8,363.61,366.71,363.53
473,1997,6,1997.4548,365.63,363.21,366.06,363.66
474,1997,7,1997.537,364.47,363.68,364.57,363.81
475,1997,8,1997.6219,362.5,363.93,362.52,363.98
476,1997,9,1997.7068,360.19,363.47,360.89,364.19
477,1997,10,1997.789,360.77,364.18,361.01,364.4
478,1997,11,1997.874,362.43,364.58,362.52,364.65
479,1997,12,1997.9562,364.28,365.17,364.03,364.9
480,1998,1,1998.0411,365.33,365.31,365.21,365.17
481,1998,2,1998.126,366.15,365.45,366.16,365.45
482,1998,3,1998.2027,367.31,365.84,367.19,365.7
483,1998,4,1998.2877,368.61,365.96,368.65,365.98
484,1998,5,1998.3699,369.3,366.1,369.44,366.24
485,1998,6,1998.4548,368.88,366.45,368.91,366.51
486,1998,7,1998.537,367.64,366.84,367.51,366.75
487,1998,8,1998.6219,365.77,367.21,365.52,366.99
488,1998,9,1998.7068,363.9,367.2,363.9,367.21
489,1998,10,1998.789,364.24,367.65,363.99,367.4
490,1998,11,1998.874,365.46,367.62,365.44,367.58
491,1998,12,1998.9562,366.97,367.86,366.85,367.73
492,1999,1,1999.0411,368.15,368.13,367.89,367.86
493,1999,2,1999.126,368.87,368.17,368.68,367.97
494,1999,3,1999.2027,369.59,368.11,369.54,368.05
495,1999,4,1999.2877,371.14,368.47,370.81,368.13
496,1999,5,1999.3699,371.0,367.79,371.4,368.19
497,1999,6,1999.4548,370.35,367.92,370.67,368.26
498,1999,7,1999.537,369.27,368.47,369.09,368.33
499,1999,8,1999.6219,366.93,368.37,366.92,368.4
500,1999,9,1999.7068,364.64,367.94,365.15,368.47
501,1999,10,1999.789,365.13,368.56,365.13,368.55
502,1999,11,1999.874,366.68,368.84,366.5,368.64
503,1999,12,1999.9562,368.01,368.9,367.84,368.72
504,2000,1,2000.041,369.14,369.12,368.85,368.81
505,2000,2,2000.1257,369.46,368.76,369.61,368.91
506,2000,3,2000.2049,370.51,369.0,370.53,369.0
507,2000,4,2000.2896,371.66,368.96,371.83,369.11
508,2000,5,2000.3716,371.83,368.61,372.44,369.22
509,2000,6,2000.4563,371.69,369.28,371.75,369.36
510,2000,7,2000.5383,370.12,369.35,370.23,369.49
511,2000,8,2000.623,368.12,369.59,368.13,369.64
512,2000,9,2000.7077,366.62,369.95,366.45,369.79
513,2000,10,2000.7896,366.73,370.17,366.51,369.93
514,2000,11,2000.8743,368.29,370.46,367.93,370.08
515,2000,12,2000.9563,369.53,370.42,369.33,370.2
516,2001,1,2001.0411,370.28,370.26,370.36,370.33
517,2001,2,2001.126,371.5,370.79,371.16,370.45
518,2001,3,2001.2027,372.12,370.63,372.06,370.55
519,2001,4,2001.2877,372.87,370.18,373.37,370.67
520,2001,5,2001.3699,374.02,370.79,374.02,370.79
521,2001,6,2001.4548,373.31,370.86,373.34,370.92
522,2001,7,2001.537,371.62,370.81,371.82,371.05
523,2001,8,2001.6219,369.55,371.0,369.71,371.19
524,2001,9,2001.7068,367.96,371.29,368.0,371.35
525,2001,10,2001.789,368.1,371.55,368.06,371.51
526,2001,11,2001.874,369.68,371.86,369.52,371.67
527,2001,12,2001.9562,371.24,372.14,370.95,371.83
528,2002,1,2002.0411,372.44,372.41,372.03,372.0
529,2002,2,2002.126,373.08,372.38,372.88,372.17
530,2002,3,2002.2027,373.52,372.03,373.84,372.33
531,2002,4,2002.2877,374.86,372.16,375.22,372.51
532,2002,5,2002.3699,375.55,372.31,375.94,372.7
533,2002,6,2002.4548,375.4,372.94,375.35,372.91
534,2002,7,2002.537,374.02,373.21,373.9,373.13
535,2002,8,2002.6219,371.48,372.93,371.87,373.36
536,2002,9,2002.7068,370.7,374.04,370.24,373.59
537,2002,10,2002.789,370.25,373.71,370.37,373.82
538,2002,11,2002.874,372.08,374.26,371.9,374.06
539,2002,12,2002.9562,373.78,374.69,373.4,374.28
540,2003,1,2003.0411,374.68,374.66,374.54,374.51
541,2003,2,2003.126,375.62,374.92,375.44,374.72
542,2003,3,2003.2027,376.11,374.61,376.43,374.91
543,2003,4,2003.2877,377.65,374.95,377.85,375.12
544,2003,5,2003.3699,378.35,375.1,378.58,375.33
545,2003,6,2003.4548,378.13,375.66,377.98,375.53
546,2003,7,2003.537,376.61,375.8,376.5,375.72
547,2003,8,2003.6219,374.48,375.94,374.42,375.92
548,2003,9,2003.7068,372.98,376.33,372.73,376.1
549,2003,10,2003.789,373.0,376.48,372.8,376.27
550,2003,11,2003.874,374.34,376.54,374.26,376.43
551,2003,12,2003.9562,375.69,376.6,375.68,376.57
552,2004,1,2004.041,376.79,376.76,376.74,376.71
553,2004,2,2004.1257,377.36,376.65,377.56,376.84
554,2004,3,2004.2049,378.39,376.87,378.5,376.96
555,2004,4,2004.2896,380.5,377.76,379.83,377.07
556,2004,5,2004.3716,380.61,377.35,380.44,377.18
557,2004,6,2004.4563,379.55,377.1,379.73,377.3
558,2004,7,2004.5383,377.76,376.99,378.17,377.42
559,2004,8,2004.623,375.84,377.32,376.03,377.55
560,2004,9,2004.7077,374.05,377.42,374.32,377.71
561,2004,10,2004.7896,374.22,377.7,374.4,377.87
562,2004,11,2004.8743,375.84,378.04,375.88,378.05
563,2004,12,2004.9563,377.44,378.35,377.35,378.24
564,2005,1,2005.0411,378.34,378.31,378.48,378.44
565,2005,2,2005.126,379.61,378.9,379.38,378.66
566,2005,3,2005.2027,380.17,378.67,380.38,378.85
567,2005,4,2005.2877,382.05,379.33,381.81,379.07
568,2005,5,2005.3699,382.24,378.96,382.56,379.29
569,2005,6,2005.4548,382.08,379.6,381.97,379.51
570,2005,7,2005.537,380.67,379.85,380.5,379.72
571,2005,8,2005.6219,378.67,380.13,378.43,379.94
572,2005,9,2005.7068,376.42,379.79,376.76,380.15
573,2005,10,2005.789,376.8,380.3,376.86,380.35
574,2005,11,2005.874,378.31,380.51,378.36,380.55
575,2005,12,2005.9562,379.96,380.87,379.84,380.73
576,2006,1,2006.0411,381.37,381.34,380.95,380.91
577,2006,2,2006.126,382.02,381.3,381.81,381.08
578,2006,3,2006.2027,382.56,381.05,382.76,381.23
579,2006,4,2006.2877,384.37,381.64,384.13,381.38
580,2006,5,2006.3699,384.92,381.64,384.81,381.53
581,2006,6,2006.4548,384.03,381.54,384.14,381.67
582,2006,7,2006.537,382.28,381.47,382.6,381.81
583,2006,8,2006.6219,380.48,381.94,380.46,381.96
584,2006,9,2006.7068,378.81,382.19,378.72,382.11
585,2006,10,2006.789,379.06,382.57,378.76,382.26
586,2006,11,2006.874,380.14,382.35,380.22,382.41
587,2006,12,2006.9562,381.66,382.57,381.66,382.56
588,2007,1,2007.0411,382.58,382.56,382.74,382.71
589,2007,2,2007.126,383.71,383.0,383.59,382.86
590,2007,3,2007.2027,384.34,382.82,384.54,383.0
591,2007,4,2007.2877,386.23,383.49,385.92,383.16
592,2007,5,2007.3699,386.41,383.12,386.61,383.32
593,2007,6,2007.4548,385.87,383.37,385.96,383.48
594,2007,7,2007.537,384.45,383.63,384.43,383.64
595,2007,8,2007.6219,381.84,383.32,382.3,383.81
596,2007,9,2007.7068,380.86,384.25,380.56,383.97
597,2007,10,2007.789,380.86,384.38,380.62,384.13
598,2007,11,2007.874,382.35,384.58,382.09,384.29
599,2007,12,2007.9562,383.61,384.53,383.54,384.44
600,2008,1,2008.041,385.07,385.05,384.62,384.58
601,2008,2,2008.1257,385.84,385.13,385.45,384.72
602,2008,3,2008.2049,385.83,384.29,386.43,384.86
603,2008,4,2008.2896,386.77,384.0,387.8,385.01
604,2008,5,2008.3716,388.51,385.21,388.47,385.17
605,2008,6,2008.4563,388.05,385.57,387.8,385.34
606,2008,7,2008.5383,386.25,385.46,386.26,385.51
607,2008,8,2008.623,384.08,385.59,384.13,385.68
608,2008,9,2008.7077,383.09,386.5,382.42,385.85
609,2008,10,2008.7896,382.78,386.31,382.49,386.01
610,2008,11,2008.8743,384.01,386.23,383.96,386.16
611,2008,12,2008.9563,385.11,386.03,385.41,386.31
